Title_ar,Title_english,Title_ar,Artist,year,Song_url,image_url,cleaned_lyrics,Num_words
 ١٢ دقيقة ,12 De2i2a , ١٢ دقيقة ,Marwan moussa, 2018,https://genius.com/Marwan-moussa-12-de2i2a-lyrics,https://images.genius.com/d575036dabb413e5aa5e8dcb05a2e3fc.1000x1000x1.png, عزيزي انسان نفسي اموّت ناموسه مش بتخليك تنام عزيزي انسان كلامهم غلط مش كذابين مش فاهمين اصل زيك جيلهم متقدمين مش فاهمين زيك تفكيرهم متعذبين سايق ضلمه لقيتك بتتمشي يمين ركبت جنبي زمان طريق صدفه قاعد بفكر منطقتك حاسس هشوفك دنيا خلتنا نتقابل وسط جهنم جهنم ليك جنه جديده مخليك تتعذب جنه بُصلي ولاءي ليك لازم تتاكد موبايلي رن تاني هقفله مش عايز اتشتت بمناسبه كلمه قلته ركبت اعرف اخونك اخويا فتره عايز اعاتبك شفتك وافتكرت عمري هتضايق عمرك قصرت عزيزي انسان نفسي اموّت ناموسه مش بتخليك تنام عزيزي انسان,90
 ١/٤ قرن ,1/4 Qarn , ١/٤ قرن ,Marwan moussa, 2021,https://genius.com/Marwan-moussa-1-4-qarn-lyrics,https://images.genius.com/84eb8a7c4b5b492726530ff9e9ca6f1c.1000x1000x1.png, مقدمه مروان موسي اسماعيليه دوله ورع هنقلبها فوضي ماشي بص  مروان موسي فضلت مكمّل شرق هتلاقي غرب هاتلي نجوم سما ونزّله ارض عمري قرن عمري قرن واحتفلت بعيد ميلادي ونّي شرم رجل تسبق رجل تسبق كسبانين ميّت محتاج دايماً اتحول محتاج دايماً اتشيك مطبخ بوراك مطبخ بنشيّف مبلغ مش قليّل صوص مش مزيّت ضغط شهر زاد ليله فات شوفت ايدي لفت تلات لفات ابو كباتن بلد باكل فاتن حمامه سلام تتدبح عندنا وتتاكل وسع سكتي شايف حك مش منطقي مفيش انجح شركتي ومفيش امتن شلتي بينا يقفّلوا قدر مش جاي مقاسك صعب تبدله ذكي وانطواءي برج دلو كلام هنقفله لعب هيبقي حلو ربح هيبقي بيور هنثبت حضور هدت قصور شخصيه تبقي غرور Beat  Busi ess غيرلنا مج زوايا نفسيات ضعيفه بتعرفش تقول كفايه بختفي اسبوع اطلّّع دهب جوايا Beatعيشه فنان بلاعب  Spo sors استغمايه نقط ضعف بانت صوره بقت انتاج بيعلي صوت يبقي اوطي اسماعيليه دوله ورع هنقلبها فوضي بنلعب شطرنج خريطه شرق اوسط توقفش طريق اغطس غويط تلاقي مجد مستنيك جنبك ناس كتير تخفش زعيق ناس كه نادره تلاقي نقص عبيط عمري قرن ليله عيد ميلادي اكيد محتاره هديه هتجيبيه ك فاهم فهماني هجيب جاك واجي,187
2001 ,2001 by Marwan Moussa - مروان موسى,2001 ,Marwan moussa, 2017,https://genius.com/Marwan-moussa-2001-lyrics,https://images.genius.com/d62ae463f82c6a2adb037cadb5b16350.500x500x1.jpg, تاريخ عربيتي ٢٠٠١ عايش حياتي كاني ٢٠٠٠ لعّيب ماتش تمرين جاحد عايز بيبيع منافسين عارفين واحد ١٧ سنه ضباب لبست ٤ سنين ايط هرشت سيست خلاص خلصت راجع سليم فبوست دبله اهدا وعلي مهلك خليك فريش رحله اسماعيليه باكل سوبيا رودي سايق مارادونا كاني بدوي اقدرش اغيب ماحدش يعمل شغلي بدلي يطلّع مطوه اطلع نووي وليه عينك بتسرح  فين هتقل واسيبك بتشرح معظم كلامك فَتي ملفوف قماش كيانك مبني غلط اساس مش مكسوف ناس تسيب كومنت اكون نمت اوعي تكون ندمت برنس تدوس سيند صحيت ساعه ٥ فجر لي حياتك اقلبها مشيت نصف شارع نهجت نمتش تاني ساعتها عيش وهم تنجز فشل حط واد رز يشتغل باصطاد انقذ سمك  بتسمعش وعايز يفهمك صحوني لي فوق بقي وقوم كابوس زمان شفتش نجوم وضوح مروان موسي حاطط نار فلوسك حافظ نظام ضامن دمار سوقك دخلت اعدادي وصحيت بدات اصطاد حياتي حبيت تلات مرات مرتين جون هوّش لبسش شديت فرامل يد شاط كاوتش وامبارح شفت حادثه رهيبه طريق خلتني اسرح عيشه ومشيت بطء نزلت قطر حياه مشي اوفر مش فارقه اتاخر عايز اوصل لي ركز واحده اتنين طبعا عارف كويس بيتكلم هارت انستا يبقي اتشهرت لسه تيجي تيجي تيجي تيجي موضوع بايدي تيجي تيجي تيجي,192
 قل مني شكرا ,2el Meny Shokran , قل مني شكرا ,Marwan moussa, 2018,https://genius.com/Hesham-raptor-2el-meny-shokran-lyrics,https://images.genius.com/41b3e06905427880dbb0e730536ef873.1000x1000x1.png, عايز تكلم رابتور ابعت مني شكرا مني يكرم بينا  لقطه نكته نقطه تشوفني تبقي تحت اوبا امتي يعلي صوتنا زيدنا صابنا نصبنا عيب قولت اصلح قفاك بصلح جراي بيسوح رابتور تنح رابتور بوخ مش صح  مش صاحبك ليفل صعب صنطرت بار اخد طرد مش مانتا Do ald duck فرق بيني وبينك مورجان فريمان مورجان احمد مورجان مش مجبر بديك مجمل جيب بوغبا وبديك دي ركبه بيني وبينك معين معين ليه اعمل راب وعيط لناس معينين عيانين سين محتاج تطهير معادا مين خمس عشرين خمسه كتير دوم تيك نيك راب طور مش هتبقا رابتور تنطط بيت  يدوبك راكبه مصدق دايما منفسن شله هتنافس تسمعنا نشلك بنشاتك شنطه تشيلها باتل لوحدك تخسر وبتكسب وجود شله رابتور راجع سامع يركنهم بواقي تصدير غيابي ثابت مش واقع مليش بديل بشيل امث تصنيف  مفيش علامه جوده اغيب بفضل قمه مش بستني ماتش عوده شايف رابي تافه حبه,142
 ٣٠٠ مرة ,300 Marra , ٣٠٠ مرة ,Marwan moussa, 2019,https://genius.com/Abyusif-300-marra-lyrics,https://images.genius.com/23df951fefaf9135a5c379ac57c3f114.1000x750x1.png, جيتيش نهارده ٣٠٠ مره باينلك دماغي محبوسه بتطلعيش بره عمرت طلقتين عارفه هيروحوا تركزيش كلامي هتفهمي حاجه بعدين ماجيتيش انهارده ٣٠٠ مره باينلك دماغي محبوسه بتطلعيش بره عمرت طلقتين عارفه هيروحوا تركزيش كلامي هتفهمي حاجه بعدين ساعه بترجعش كلامها بيتق سكوت مش ببقي لوحدي لوحدي هبقي لوحدي اموت خدت ايدك سرقتي مني سنين مش هيجيلي نوم هنصفي قديم لزوم اقول كلام كلام كلام مش هيفهموه بلف وبدور مش بمشي دوغري توصل بيا اقوله خدني مش بحب اطلع بره اوضتي ردي ردي بلف وبدور مش بمشي دوغري توصل بيا اقوله خدني مش بحب اطلع بره اوضتي ردي ردي ردي ردي,99
365 ,365 by Dawsha - دوشة (Ft. Marwan Moussa - مروان موسى),365 ,Marwan moussa, 2018,https://genius.com/Dawsha-365-lyrics,https://images.genius.com/229cd4df6f53e974c67966b7fff6bcfe.1000x1000x1.png, ٣٦٥ اكونش بعضي ٣٦٥ وشوش بتتبدل قصادي ٣٦٥ يوعدني ويبيعني ٣٦٥ احارب بكل قلبي ٣٦٥ اكونش بعضي ٣٦٥ وشوش بتتبدل قصادي ٣٦٥ يوعدني ويبيعني ٣٦٥ احارب بكل قلبي  دوشه حبيت مره اجازف بخسر اكسبش عارف شايف سما فوق مني تحت مني مش شايف خايف اغلط تاني غلطه عارف لسه ورطه بعافر لاني قادر عايز افهم صح ابني ساتر باديك بدل فرصه ٣٦٥ هشوفك فكره بني ادمين عايشين ارض بنحب نعض عايشين ارض بنحب نعض بنحب نوصل لروحنا اجمد حقيقه اضعف بعض,81
 عاش ,3ash , عاش ,Marwan moussa, 2022,https://genius.com/Marwan-moussa-3ash-lyrics,https://images.genius.com/49e3748436eae1d57b3660f55796da70.1000x1000x1.png, Woah هاها هاهاهاهاها ثانيه واحده بص مافيا عارفني عارفني هتسلم عليا وتقولي حبيب عضم كتفي كشف كذب انسي تنافقني Optio عندي اشوط فيرس بمشط رجلي Optio عندي بص نزلت كشك اتلم عليا خلق مارو مافيا مايك مارو مانيا انتاج مارو فينك فوني مهري ماسيجات سبعه هاسيندا ريد سباق موتسيكلات ادي سباق موتسيكلات Wi ger تراك بيرقص  قريب هتشوفي لاند روفر هاف ديفندر Ju gle عملت بروديوسر رابر سينجر اداءي افضل مايك زنجر,72
 خمسة ,5amsa , خمسة ,Marwan moussa, 2017,https://genius.com/Marwan-moussa-5amsa-lyrics,https://images.genius.com/0ab8a7dbeba2312fb7cd0f5620a122fa.1000x1000x1.png,كلمات مروان موسي خمسه ممدوح فرج دخلت بهوب سلام چاكي شان سيز كام قلنا نام صلب تام ديكتاتور اردوغان هارص كلام فوق كلام فوق كلام حيبقي ايه برج خليفه برج جدي كلام مابياكلش فسقيته شربه فتي يش هكسر قزاز نيش تفكير متوازن للاسف ليكو حقد مازقنيش كابتن تنزل بيت باتل ماجيش عامل عزومه عزيمه مج متبقليش زحمه دي تعبانين تبا لعنه ولّعنا فوز تاني ليا فكانت قاعده شيك وافقتش كلامه بيس ليه وبيحزق واد حطني عينه طلعت عينه وحشه ليه لازم دايما غ جايب كلام فارغ بتمثل عامل بارد مش عليّ انا مش عليّ طبعت جسمك كنبه هتلبخ تتحاصر ورقه حمرا وسط علم كندا حسستك رصاص رجّعت قلمك صعب اتعامل واحده مصريه متامركه نفسي تبقي اسيويه ومدملكه تقول لي مووووهي  بلهجه غرب صين اقول لك عايز واحده ارجنتين بانزل ملعب احيي جمهور راسي نمره عشره صانع لعب بوزع واباصي اتصبت هاغير نمره واقسمها نصين بارفع لهم خمسه سما تخزي ١٤ شلت حبيبتي باي قلت لها بيبي هابي فاكن نتاين شربت قهوه كراسي واقفه زوري مش اشربها تكون ستوري باحب عند مش بتقول باردون روحنا ناكل سوشي طلبت رغيف جارسون سبنا بعض عمرنا انتهينا وحيده فيلم وزينه اجابه سء ك اصلي مارو محلّه حسنه ياسمين صبري مارو محله  يبيعش رخيص مواجهه تاخد غُرز تصيعش طريق يوم خميس خروجه جامده نزلت مكتب مدير دخل عليّا لميته رجل ثابته فاكر مسيطر مارو وهم برضو بيرسم عليا وشم تنّحت لواحده حلوه لمده ثانيه شافتني هافضل ثابت مش هابص ناحيه تانيه حاجه فيا واطيه قيمتي بتقول لي مواه معناها انا فرنسي قلبي ابيض دهنته احمر ولما سرقني  عملت محضر عنف كتب فهرس سوق هبل تغرز تلقي ناس فاشله سمع جدل تِدرس بانزل ملعب احيي جمهور راسي نمره عشره صانع لعب باوزع واباصي اتصبت هاغير نمره واقسمها نصين بارفع لهم خمسه سما تخزي مقطع كلمت شوّ ي قلت له جاي تونس بانفع بقدونس فابقدم راب وهاعمل انقلاب فني نَزّلِت اغنيه وحصل انفلات امني سجلتو رُطب قلتوا انكوا جبتوا جول رابكو مش ماشي مترونوم  وريحته ثوم حاول يكسبني فرصه مش متاحه عقده خواجه طلب شرطه سياحه محتاج حاجه ابرون ممكن ليله دي قعدت اشك جامد ففسيت دماغي جات فكره عبقريه لتطوير انسان ايه عمليات تطويل لسان بتتامّر ارد بلاش هوش خبز فاكلت عيش قفاه حوار مفروض لسان مش مينشن اخبارك بتتنشر نت مش هتنشف فرق بيني كسول چيب لادا باموت شغل وباعيش اجازه ربكو راكد مارو ثلاثي ابعاد لقيت سين فاضي قمت حاشي امعاء مومبار عبيته بفنطاز فتقول مومبيه مافيش سنتي جسمي قلقان اوكيه عارف مش هتندم عادي عقابك بانزل ملعب احيي جمهور راسي نمره عشره صانع لعب بوزع واباصي اتصبت هاغير نمره واقسمها نصين نرفع لهم خمسه سما نخزي عين,424
 حدوتة ألماني ,7adota Almany , حدوتة ألماني ,Marwan moussa, 2022,https://genius.com/Marwan-moussa-7adota-almany-lyrics,https://images.genius.com/356b86a66c5933467efd453a94ef52c0.1000x1000x1.png, كلمه اِحتراف معناها انتَ راجل مُميكن جيب يجيب حضوري خمسين ريق زميلي عربيد ماشي ساحه تلكيك حاسب محك انهيك سلاح وسط دايره تسحب تاخد جايزه جرب حظك مش حايشك بكتيريا مش شايفك مين مارو خط نجم راب شط ظبط ظبط خبط ورزع قص ولزق يش نصب تيجي تلميح اشطف بلدك باشا هتصيع مش كندا برود اعصاب بغلي كنكه هنهي حلقه Movie Star لحظه ثانيه دقيقه استني لسه اتقل اعقل نفهمها,70
 حرامي ,7aramy , حرامي ,Marwan moussa,2018,https://genius.com/Vli-weezy-7aramy-lyrics,https://images.genius.com/40df4bfb04eab00ce516e6e9334daec3.1000x1000x1.png,  مروان موسي شهره عايزه منا سبتيلي روچ كوبايه لاتيه ابني ٣٠٠ وخمسه كيه مش فاهم بتبعتلها جبتلها شمواه تلي امواه Au revoir قلتلها سلام دنيا بياض وصفار دنيا وحايد واصفار مش انا اينبوكس اتهرا Beatسابولي likes كاس اتقلب باجي مره سنه حفله راس سنه اوه ولا اوه كلام اتزنق Je soy egipcio tu eres colombia بتحب تدلع مش باديها فرصه بتبوز بقوم واخدها غرفه اوضه بخار شوربه اوتيل حاجزين اوضتين خاطر شرطه  عيني فساتين لسه ايدي بساتين داخل برا غنوه وده دليل مقطع ثاني ويزي شهره عايزه مني ويزي ومعروف شانزلزيه احسن لاعب فيكو اعمل باصي بطل شغل ساديو مانيه ادم غار مني شيطان حاطط هاند فري ودان حيطان بيتش سلطان هديكي صولجان Beat دنيا So cold حران بجري حيط باركور هعملك سيجار كوري سوتيه فرفور عيد ميلاد طرطور ويزي مروان فلو سوبر سونيك رهوان هنعمل مسلسل رمضان تدفق كلامي يسبب فيضان جزمه بيضا چاكيت اسود شعرها خشن مش بتفرد اتسرق واحنا بنجري اتمني تكون وصلت فوق هرم فاقع صليب وصل هرم للنيل جناح دراعي سهل اطير صاحبتك تلي مله سرير حرامي حرامي,173
 ابو جالوم ,Abo Galom , ابو جالوم ,Marwan moussa, 2023,https://genius.com/Eldab3-abo-galom-lyrics,https://images.genius.com/9ec5c9f5abbad9752b50e180224712ee.1000x1000x1.png, شوفت فن ابوه بقيت طول وسطها بيقول شغ هولا هوب لمحت احلي ڤيو مافيش مش عليكي روم خليتيها ابو بغرق عيون ازرق بلو لاجون بيبي كلام فاضي ماعنديش طاقه محتاجه حاجه معاكي رقمي باعته صوره بتس لبسها لايق ماركزتش ماتس ينيش ا انتباه مقفز هيشد خدمه بدون سلاح مرسيكي هيجي ليله ديه ليله حساب بتقولي تحفه حبيبتي متحف فهماني ولا عارفه لقطه جامده ايوه حلو لازق فيا مش عارف اشيله Al Paci دخلت بوشين Reloadاديني خمسه Record راسها سيف عيزاني بسرعه ادوس Baby Boost Ego بصراحه مدياني غيري Migo فهمت بتقول مش هتعوز غيري Migo مش هتعوز Baby Tra quilo هروح بلاقيها فجاه لمت كحكه حماس اخدها ابتدت تكحكح عمري عملت مش عارفه برتاحلك اكيد مش مصدقها حبيبتي مجمعه بتنوع مستوي  افرقع,122
 أبو هشيمة ,Abo Hashima , أبو هشيمة ,Marwan moussa, 2019,https://genius.com/Marwan-moussa-abo-hashima-lyrics,https://images.genius.com/426bbb181352fe4983f8a15fbd6da76c.1000x1000x1.png,مارو  ١٠  بيج مارو ماني صحبتك لسه بعت ثانيه بيرن فاتح دوري اسباني ف ينسيا بطل تبص  مش باكل رز مستحيل يعني مز فيتشر بحداشر ونص سترليني ارابيل مش افيش وراه فيلم طلب لللللللل كريم كرامييييللللل بتحس ب ايه بتعزم صحابك بيت بترمي افيه محدش بيضحك بيبي اشوفك شويه فاخر مياه معدنيه بطل تانيه اعداديه مطوه  صحابي بلطجيه خروف فيلسوف هعملك ريموف تراكي جديد جورج وسوف اص واتس  لسه بشوف معلش مشغول,72
 أبطال ,Abtal , أبطال ,Marwan moussa, 2019,https://genius.com/Marwan-moussa-abtal-lyrics,https://images.genius.com/b4a98b3b960165ded365bf434ff4baa1.1000x1000x1.png, اهلاً ابط خلصنا تصفيات نجيب اجوان استعراض ماشي ماشي سكه بسرعه قراط ماشي u2005ماشي u2005دغري اوتستراد ليه u2005لا مش بادينا غِنا صيت عايزين u2005 اتنين بيقولي واخد قوله بلا نيله بتقاوح قوله قوله قوله Nekkest اختفي عوزه ليله غامقه ليله سوده غرقت غويط طلعت عامل موجه دنيا بتلعب درس وسذاجته وكفاءته وصلت جون وقومت واكله عندكوا قده طِلع واد قبله عارف تفاصيل يس ومش بتعامل اغلبكوا مج استغمايه شوفتوني مره كفايه محدش يعرف غيري ونفسي مرايه طيب مش ملعب اخويا اخويا اخويا اديني بفكرك فتره مبقيتش اهرج ناس بتاخد عني فكره غلط باشا شغل حب انقرض جاتلي فكره ليله ارق نزلت لاقيت ماتش اتقلب اخدت خطوه لقيتهم جابوا مش هاقعد احكي بقي واهري احرق دمي بقي واغلي ورايا كتير ولازم اجري بنام متاخر واصحي بدري بنام متاخر واصحي بدري دايما باجي نفسي مفيش حاجه اسمها جيبت اخري حاجه عندي اهلي هادي مَهلي سلم ماشي سلانسيه سكه صعبه عكس حسيت اكون اساسي شيء ولكل مركز فيكوا عندي جيب قعدتوا تجرو تجرو تجرو عديت جيبتوا جيبتوا زيت باشا اخرك تلعب بيت,169
 قدري ,Adary , قدري ,Marwan moussa, 2021,https://genius.com/Afroto-adary-lyrics,https://images.genius.com/9961d8d7794bcb97a6cbd0801c7bcfc6.1000x1000x1.png,مروان موسي مشكله سكه تطول متبقاش مصدق عاشر مره ومش متعود خسرت ناس ارقام تخوف قديم سني يجيبوا سيرتي يخافوا مني يحس بندم يفتكرني سكينته ضهري بيبتسملي عفروتو زميلي مش سندي افكاري تعباني مشتت بلدي مداري بلاوي غلطه بسببي سوء تفاهم بحلم دلوقتي صاحي ودي هلاوس قدري قدري دماغي تتعب للدرجه قدري قدري ضهري دراويل قدري قدري راسي تتعب للدرجه قدري قدري ضهري دراويل تخوني ظروف مش بتعلم دروس ناس غدارين صاحبي مش كه نفوس شوفني حزين جوايا بحدف مولوتوف تمطر عليا مصايب بعامل مشاكلي ببرود,86
 أدريانا ليما ,Adriana Lima , أدريانا ليما ,Marwan moussa, 2022,https://genius.com/Marwan-moussa-adriana-lima-lyrics,https://images.genius.com/b6cc3e7a6456c801dadcffc28c5c5249.1000x1000x1.png, اوكيه اوكيه اوكيه اوكيه Yeah Yeah Yeah Hey Hey اوكيه اوكيه اوكيه اوكيه اوكيه اوكيه دماغي بنزينه ورشه ميكانيكا محتاج دعم تاخد زقه برويطه تبان سهله وبسيطه سحله بطء طء تيجي سباق تتقطع غضاريفك جاتلي ضريبه شهره ضريبه تلكيك شق طريقك ودي طريقه ودي وضميرك زميلي برتجل رغم جيبي خريطه Are زميلي برتكب جريمه  شايل تيكتس جديده قديمه مزه جديده ادريانا ليما بجري مدينه اجري اجيبك ساحل بحضر حاجز كابينه Be fica جوه كاسي احمر بشرب حبيبتي جميله مش بثق اسءلتها كتير مش بقول حقيقه حادق دقه ياما اتق دوم تكه دلوقتي بنتغدا عارف قلت روايه هوريك بوشك ايد لوحدها بتسقف حلو اداء رياضي مش هواءي فضاءي نازل مطار ابو ظبي مافيش سلاحف راداري,114
 أفريقيا وأمريكا ,AFREQYA W AMREKA , أفريقيا وأمريكا ,Marwan moussa, 2023,https://genius.com/Marwan-moussa-afreqya-w-amreka-lyrics,https://images.genius.com/cd8a8fa6376c85e74fff076aa5f1cb54.1000x1000x1.png, وصلت ركنت بتخميسه ناصيه BeatCool  Character قول يابا اكتر Beatدخلت اخويا صغير  Beat مني ف اقدر بتمطر اخضر مش متحضر متخدر قلبي بيدق دق دق دق دق عقلي بيفكر شغلي بيسهّر معمل بفكس قاعده بلقط اشاره تردد اعلي كنت محاوله ادرس معني ماكانش معني لقيت موضوع مش بتاعنا شويه يقولي حك فُلان هتولعها مش عايز اولعها اصلًا لوحدي وبطولي مولعها Over برفع زيزو رافعه مش هطلع موضه اطلع اوضه اقفش جون دماغي جون وبخاطب ماسك نوته قافش كوره هجمه تكافء معادله تساءل مسابقه ارقام هلامي مش حاسبه,87
 أجزخانة ,Agzkhanh , أجزخانة ,Marwan moussa, 2018,https://genius.com/Marwan-moussa-agzkhanh-lyrics,https://images.genius.com/9729fd092f123e39e7fac2da0aa2fe5c.1000x1000x1.webp,اعوز اذاكر افتح دراسات واسيب جبر اعوز اريّح فاتمدد قضيب قطر سوش  تعمل سندباد تعلن اكتءاب ابتدي اسم حرف فعل سمسار صاحب بيت غلّي سعر وهنا حاجه بتغلي كلمه شرف ولما حاجه بتبقي دوغري نحب نيجيلها انجاز كدا لازم نقيس مسطره ولازم ميستر اجبرك لازم ميس تكدرك وانا رحت للمصير وقلت له بقي لي لسه شفت حاجه فهمنا خلاص بقي اتنيلنا هنقعد نتكتم اشرح لنا كبيرنا مش فاهم عايز مني مش اتاخرت جيت ابتداءي نفسي ازاي اعدادي نفسي امتي جامعه بدات نفسي ليه دلوقتي جوجل اجزخانه,86
 على بعضي ,Ala Ba’ady , على بعضي ,Marwan moussa, 2020,https://genius.com/Afroto-ala-baady-lyrics,https://images.genius.com/0215b0d11ad806c5d8200706d407813a.1000x1000x1.png, لازمه عفروتو غلطه مش غلطتي انسب لمين اخطاءي فكرت كتير عيب عيب راسي بيبيعوا ودول بيساعدوا لحظه نشقلب اوضاع ناس بتمثل ناس بتخون مش بعضي غلطه مش غلطتي انسب لمين اخطاءي فكرت كتير عيب عيب راسي بيبيعوا ودول بيساعدوا لحظه نشقلب اوضاع ناس بتمثل ناس بتخون مش بعضي  مروان دايره انتوا عليا لسه ايديه نهايه جايه جايه وصلنا لوكيشن خلصت رحله عاتمه نهار بيحرق سودا مش بفتكرها بيضا قعده تحلي متس نيش مش فاكر جوه دماغي ناس بتهاجر مش عارف زود شويه افتكر اعتذر فايل اتدلت هارد بيتكسر صحاب قلت صداع كتر سء دايما بيتس لازمه عفروتو غلطه مش غلطتي انسب لمين اخطاءي فكرت كتير عيب عيب راسي بيبيعوا ودول بيساعدوا لحظه نشقلب اوضاع ناس بتمثل ناس بتخون مش بعضي,120
 ألومِك ,Aloomek , ألومِك ,Marwan moussa, 2022,https://genius.com/Marwan-moussa-aloomek-lyrics,https://images.genius.com/298ed55cc56c83a8bffec78f3706b797.1000x1000x1.png, صورتك متعلقه جفني كلب رومانسي عارفني ماتش تكسكه بتغشي بيبي ماتشات ببقي ميسي مش منظره لا جابنا لورا سكه مكسره اجواء محجره ردود فعل باڤوره برضو راضي ضرر لازمه اولي مخدراتي عقلي داخل نقاش قلبي نسيبك مش راضي بيقوله مراتي وبيتكلم قولن قلبي وفر كلامك حل اقتصادي عندي احلام عندي احلام وليكي باصص لقدام اجلنا كلامنا زمن دفعنا حساب حصل حصل وزهقت عاب مفيش طاقه للخناق ساعات بتسحل وببقي لازم اطلع كسبان تكسكه غرور Ego  مش مطلوب سهره معاكي روف Gooseوواحد u200f Hava club فكره مش تبوس فكره تفوز فكره تعوم فكره تدوم كليب لحد رجعت بيت وقمت نايم هدوم حاجه هدوء بيني وبينك عقود فتي بنود,107
 أنا كده مبسوط ,Ana Keda Mabsout , أنا كده مبسوط ,Marwan moussa, 2016,https://genius.com/Abyusif-ana-keda-mabsout-lyrics,https://images.genius.com/3c704015b002772ed52f35a5ba61ef45.1000x1000x1.webp,عندي كلام يتق عبي فات شو خبطتين دماغ ارتجاج صوتك هز زلز عيني ايدك هاتيها دلوقتي اقولك خليها دلوقتي خليه يفكر فيها دلوقتي هنسيها دلوقتي دلوقتي عجبتيني غلبتيني جراه مكتوب ايدي لازم امشيكي طُرقه قمه برود قلبي فرن مش بعضي برد بشورت وبشُر مش حاجه بتضر بتتمشي اورج امسك ايدك حب اشيل صورتك درج اصلا مابعرفش اقعد ساكت ما اخر هسمعلك للاخر ما اخر بتقفل عنيها داخت ما اخر بتفتح عنيها وتتاكل لسه يومين مخي مش شغ ماكنتش قادر ادي اهتمام غايب منطق احلام بتوهمني تمام ماتقوليش افوق مبسوط ماتقوليش اشوف سيبها للظروف,93
 أنا متفائل ,Ana Motfa2el , أنا متفائل ,Marwan moussa, 2018,https://genius.com/Marwan-moussa-ana-motfa2el-lyrics,https://images.genius.com/7f8bf9cc72bc0d628c3fbc1706396f90.1000x1000x1.png, مش مسءول هيحصل خطوه مُتفاءل اممم مُتفاءل اممم مُتفاءل اممم انا مُتفاءل فكرت كاريري ساذج لقيتهم قلدوني جامد حصل حاولوا يهزوني ثابت نسكافيه وبضربك لازم عديت اكون مذاكر Beatبكشف  Fake يقول ساتر فات سنين ولسه فاكر سِك ودُغري مش كاسر مارو وادي وليمه بنلعب كره بيكوا فيفا اخركوا انتوا تلعبوا سيجا شفتش فيكوا لعّيبه تعمل بعمله ساكن للابد زاءر هعمل حفله جزاءر BeatFlow ابن وسخه تحسه كافر حظك وحش سرك بير اصطادكم تحت قعر بحر كبير عَفرَت خارق ص لمض قمط نبيعكم رخيص مقلعهم هدوم حامي حلبسه بقشيش لزوم قمت حاطط خمسه يفتكروك غيرت لون خدك شخصك حاككلي وملزق اتلم واحترم نفسك فار صغر قدك مافيش مقارنه اسفين ظلم اسامينا فوق زميل سينا كولا فاشلين قول تري كسرت طول وضعي مش هتتنفس بدي امر بتنفذ بفرز وبحلل وبهندس Beatرافع  Ha وبراسي بخمّس بنيجي تاني وليله جاني جني وجابلي عيله فابعد عني جاي مش هتكون حي حاجه كيفك اشيل طبق قدامك بتاكل فاهم تفاهه تفاءل ركز شويه بارات مش تفاعل رقصت مدافعين مدربين فانت اسندلي طولك وامسك نفسك حبه مقامك عندي نمله عادي اديك جزمه مش هتفرق سادي هقتلك كش ديه قولوا لشيرين بحبني وبكره شعوري حبي فيا حطيت بعيده قطّعت نجيله صعبه مش مستحيله كش دعوه مزرعه سعيده عفروتو مافيش منهم لعيبه مِرّررو دولا كسر اعداء كسل عمرك هتبقي بتراب دوده تيجي تنزلك عسل شباب جديده صولجاني تاج صوت عفرت فهد مجره زلز بيهد راب شم هبل Beatاحنا Bull Dogs مروان وعفروتو Beatكده Full Stop,235
Anta Al Batal (Arabic Romanization) ,"Anta Al Batal (Arabic Romanization) by Valorant (Arabia) (Ft. FAFA, Issam & Marwan Moussa - مروان موسى)",Anta Al Batal (Arabic Romanization) ,Marwan moussa, 2021,https://genius.com/Valorant-arabia-anta-al-batal-arabic-romanization-lyrics,https://images.genius.com/023e1c42e9990098be0a2c191bc8361e.1000x1000x1.jpg,I tro ISSAM Ko ta lbatal ko ta lbatal Ko ta lki g bdrba w7da t7eda lkhatar A ime kill ka jib wahd lakher matak F kola headshot ta7 e 7olmi jay day e kiba lyia f mirroir Verse 1 Marwa Moussa Akhedt lba7r 3aks lmoj Rssmt khet 3la fo9 Lkelma jaya 3ela lmot Dakhl gowa telescope Kalash ikov kalash ikov Dada kharjoh Yama Goat Dakhel scope Marso pro Woah woah A papa bakhlafa A wl3isaba E fi fi  Dakhel AK Wa7da spray spray E ta mchit leh Teffi lkibrit fich mo afis Fatet si lessa wa9ef Fech mosta7il fech 7awajiz Tewssel 3la top teb9a savage,106
 أنت البطل ,Anta Al Batal , أنت البطل ,Marwan moussa, 2021,https://genius.com/Valorant-arabia-anta-al-batal-lyrics,https://images.genius.com/023e1c42e9990098be0a2c191bc8361e.1000x1000x1.jpg, لازمه عصام بطل بطل كينج بضربه واحده تحدّي خطر اينيمي كيل كنجيب لاخر ماتاك فكلا هيد شوت طاح حلمي جاي داي وان يبان ميروار  مروان موسي اخدت بحر عكس موج رسمت خطه فوق كلمه جايه موت داخل تلسكوب كلاشنكوف كلاشنكوف دادا خرشوا Goat مان داخل سكوب مارو برو بابا لافا عصابه فين داخل كيه واحده سبراي سبراي مشيت ليه طفّي كبريت فيش منافس فاتت سنين لسّا واقف فش مستحيل فش حواجز توصل توب تبقي سافج,75
 عشان نفهم بعض ,Ashan Nefhem Baad , عشان نفهم بعض ,Marwan moussa, 2022,https://genius.com/Mohamed-mounir-ashan-nefhem-baad-lyrics,https://images.genius.com/ec6c4a45e842756e6bc9286ab5cad0ea.1000x1000x1.png,  ومحمد منير ياما كنا زمان وياما هنكون بنشوف صح ونتغير عمرنا عشناه ١٠٠ ولون كبير قبله صغير كلنا ماشيين سكه بنقابل ١٠٠ فرصه جديده دنيا ايديك وبتكّه تقرّب مسافه بعيده جدّد نفسك واتقبل اطّمن وارتاح للموضه قرب هتشوف مستقبل موجود جوه اوضه فرصه هتفوتنا مافيش مسافات بتبعد وسط دايره حواديتنا ولحظه بلحظه فاهمين لازمه ومحمد منير خلينا نحاول ونقرّب بدل فرصه نحاول ١٠٠ بنشوف بنقرّب بُعد صوره ماهيش مفتوحه سكه وبتوصّل هيحصل سوا يتوه تاني يس كلمه كلمه نوصل هوا مقطع ثاني امير عيد ومروان موسي حكايه وشاففها فرصه جديده مش شايفها مكمّل اهو عايشها ودي متعاده دايمًا عارفها تيجي سِنّه بيني وبينك حوار بينا تملي حبايب معروفه صوره واصلها اقلبها فاهم بعيد مش مفهوم قرّب هتلاقي تفكير نجوم بقيت جيل رزين مجنون ايد بتسلم ايد بتسلم ايد مطلوب ملك وكتابه صوره اصل حكايه وفصولها مكتوبه نَّص بُعد تشوفش مجهود اتحط تشوفش زيّك ظبط,144
 أشباح ,Ashba7 , أشباح ,Marwan moussa, 2019,https://genius.com/Marwan-moussa-ashba7-lyrics,https://images.genius.com/2352ab7ae23c61e159786e938176aa31.1000x1000x1.png, اشباح شقتي بيكلموني مش مرتاح قعدتي بيونسوني عامل نفسك مهتم مش فارقلك فينا طريق u2005احسن u2005واحد سكه انتوا u2005 خليتوني عينيا دنيا شتا دنيا u2005دي غريبه تايه دنيا غريبه تايه دنيا غريبه u205fتايه u205fفيها دنيا u205fدي غريبه تايه u205fفيها انتوا خليتوني u205fكده عينيا دنيا شتا انتوا خليتوني عينيا دنيا شتا,50
 بغبغان ,Baghbaghan , بغبغان ,Marwan moussa, 2017,https://genius.com/Abyusif-baghbaghan-lyrics,https://images.genius.com/6c88ec1093cb836a7079ac7a1cdb37e0.1000x1000x1.png, داد عايز اعمل عيد ميلادي استاد بلعب منتخب مش نادي مش فارق اتسمع راديو بتسمع توك توك بتسمع دابليو كتفي بغبغان كاريبي بيقولك اوعي تهدي تقلقش مان هتيجي بكره كسلان قريبي بتحبيني حطيلي برفان خليجي زم سكوت وخد رقم اعمل نفسك بتموت وخد لقب مزيف قلود منتقد خد جنابك دهون مهدرجه فشل سمي حسد حوستي لمبي كلكو حسن حسني نازل بيسين بجاكيت نبيتي فرو بيسين وماسك ايدي جرو لازمه بينسوني بيفتكروني فارقلي يفهموني بقولك فاضي سعيد جداً ببيعلك هوا ملك راب تافه تاجي حاسس بومباستك شاجي جديد تاكي يوسف حراق كنتاكي ملك راب تافه تاجي حاسس بومباستك شاجي جديد تاكي يوسف حراق كنتاكي,103
 بهزر معاك ,Bahzar M3ak , بهزر معاك ,Marwan moussa, 2018,https://genius.com/Hesham-raptor-bahzar-m3ak-lyrics,https://images.genius.com/b3f74de9c79ba17651c395a6cfc61f82.1000x1000x1.png, اتحول لدرامر طبل وقبض طمع طلع طلع بيه طمع ابقي مين سمع امين طبع صاحب سطع صدم صنم صدق صدا سمع صدي صدي سين فضا سبق سنه سنه ومين فضل فانا بعلي اعلي سما ده اعمي دعمك انتهي رابي معدن اناعمه صعب يتني مش سند سنه للسنه رابتور كسب سبق كذب واتصدق مش كسل مش فاكر تمن بيدلع مش مش خافو شافوني بدات ولي شابوه اداء رابتور بينا نبدا قولت تاني بلساني انساني مش تتدق طبل مطب كمل وطمن رابتور سما بيسمم افكارك بسلك واسندل واسدد وصل ك مش شايفك لا شوفته فوق بزق جرا قومت كاتم صوت بصوتنا رابتور رابكو بدع فلقكو وفرقتو رابه صلح رابه مصطبح فنانه مصتنع رابكو طلع رابكو طبع رابكو خطر فران مختبر في رابكو خطر فران مختبر مج جيلنا غيرنا انقرض سمعني اتصدم قولت اهدي شويه بهزر معاك ركز نيه فنيا فنشتك  فلقت قلقت وريتك فرق اغنيه وسبقت نفسنه نفسنه سما مطلعتش زيكو طبل زق رابير تفاعل رما رابه ظاط جرا علا تراكه رابير تاني شاط ريبورتات تراكات ديسات ازدياد مج غيرنا منا استعباط استعراض مهارات باص مج باظ ديقان دار غار رابي رابطو رابتور رامي رابكو قومتو رابتو جيت ركبته كاتم كبته كاتبه مكانه كلته احتار هبطل راب رابتور هدي هزار ييجي يتعوج يسمعني اعدله بعمله انتهاك تام اعراض نام هشام كلام عادي برضه بلساني قدام فنسيب سين سين فاكسين بيت فاقسين عارفين ريل زاب غيابي راب زاد مشاكل فرابي بقي ساد ساد فقولت بلاها راب صدق ثانيه غفلته تانيه وقفت وعملت داب واقولك بهزر معاك,243
 باكو مجنح ,Bako Mogana7 , باكو مجنح ,Marwan moussa, 2022,https://genius.com/Marwan-moussa-bako-mogana7-lyrics,https://images.genius.com/40bcaef800345f8aaf4e19814b814305.1000x1000x1.png, اي اي اي اي اي اي اي اي اي ووه باكو مجنح باكو مجنح سطو مسلح سطو مسلح خصم بيلمح اوكر بتتلمع لسه بكره هتجمع Beatبعد cops هتسمع اداني كوره هتتشمع اداني صوره متكامله اداني حبوب ولونها بامبه اداني حلول بشوف انسب ارجوكوا قولولي حاجه افهمها ارجوكوا قولولي حاجه افهمها برو بصراحه ماكتش وحشه برضو ماكتش جامده تيجي ادوسك نمله طول موسم ايدك جمبك عايز ادوق ماده سامه عايز اروح سما سابعه بدعي تكون سما سامعه ناس مرعوبه واقعه ناس مكبوبه لمه حاجه عمري هفهمها,85
 بالون دور ,Ballon D’or , بالون دور ,Marwan moussa, 2021,https://genius.com/Marwan-moussa-ballon-dor-lyrics,https://images.genius.com/b184af84ba17c57e6336b920665f3dbc.1000x1000x1.png, بسيطه سهله جيت حطيتلك رجلي مشهد حصلت قبليا عملتها اشيك Mushrooms سوبر ماريو واخد Fuck You حاولوا قولتلهم مافيش غيري مافيا اكيد بينكشني كانش قصده Bro pay me pay me pay ow Selecão لابس تشيرت  Brazilia Ballo Dor كريستيانو واخد  Bella Ciao يس اقول تاخد بصه تاخذ تاخد صوره بنتاخر بتكون مقصوده واو انتوا فين واو واو فكره لسه فاكر لكو كذبه سكه باقيتوش تسوولي نكله حاسس نفسي مروان موسي User هكرت سين غيرت  Computer دبي بقيت Loser برو بليز بطل تبقي عيّطهم جوه ساحه كسبت لقطه بفه مرتاحه خلصت ايدك سلاحك تمشي قله ادب وقباحه شفتونا بلاش نتشاكل اصحابي بيحبوا مشاكل اصحابي بيحبوا مزاوله خصوصا بتبقي جايه ودا وسكتن يسطي كتير اسف تكدير لازم اضرب مليان برو تفسير,119
 بنسى أنام ,Bansa Anam , بنسى أنام ,Marwan moussa, 2021,https://genius.com/The-synaptik-bansa-anam-lyrics,https://images.genius.com/bb7e58230d77e48c743e47a4a9eb4658.1000x1000x1.png, لازمه سينابتيك بنسي انام بنسي ناسيش وبنسي كمان بنسي يقولو كلام بنسي انام بنسي ناسيش وبنسي كمان بنسي يقولو كلام  سينابتيك Bad verse قمر Check دنيا ندورها ونلف عرض دفع كاش Chique مانرضاش ناخد  شوت سيك بنت راكبه موتسيكل يش دراما راب بسي dick حياه عملوني هولوجرام كلو كلو تمام شوفت موتي منام مش هيدفنوني كلام طلعنا نحمل سلام اتبهدلنا ودفعنا كام اضطرينا نطلق لسان كلمه واحده منعديهاش عمي بلف بلا خريطه ملاحظ بدك فتره لتستوعب امشيش وحولي موكب كوكب بدور وعم بكوش بيعملوه بحوش اسكت صوتك واصل عندي مشوش وبفوت اصحاب كانو برشام وبيموت بنسي انام وليلي بيطول,99
 بس بس بس ,Bas Bas Bas , بس بس بس ,Marwan moussa, 2019,https://genius.com/Alaa-fifty-bas-bas-bas-lyrics,https://images.genius.com/738bee049cc4c81b5d224b7bb1ecfa6c.1000x1000x1.png,  فيفتي هاتسمع مزيكا تشدك رجولنا ارض تهدك سرينا تخضك لازم هتثبت رجولتك هاتسمع مزيكا تشدك رجولنا ارض تهدك سرينا تخضك لازم هتثبت رجولتك عاش مزيكا انكماش ماشافني كش باش مفعول تمامي اندهاش هاش هاش هاش عاش ماشافني كش باش مفعول تمامي اندهاش مزيكا انكماش ماش ماش ماش خطوه للامام اتحبسوا بطل نفترسو دق ازاز ينكسرو خيش وقش يتفرسو خيش وقش يتفرسو لازمه فيفتي شحن تراك بينور كلب زمان بيحور قفل نفوخ بنفور بس بس بنصور بس بس بنصور بس بس بتحور بس بس هتهور,84
 بطل عالم ,Batal 3alam , بطل عالم ,Marwan moussa, 2022,https://genius.com/Marwan-moussa-batal-3alam-lyrics,https://images.genius.com/dcf630c88aba8c1eda4b090920b33d00.1000x1000x1.png, مستعد اواجه نفسي واجه Yeah اقفل شباك عصافير رافع رجلي حقود Wow مافيش شبهي بلدك قارن ورقي بورقك بلدك مفضله بَنَمَا دُنيا يش عزيز مرقه كماريو جيت اشعلِل جيت اكسَّركوا جيت اكعبِل Beatق ولي ايه غرض مستعجل ساحب كاش حماس BeIN Sport دفعت  رياضي مان لابس شورت موسيقي عازف كُورد حَلَقتِلها لورد زِوو Very importa اتنين نوم عايز ڤيو نضيف Room Keys تيجي نيوجيز طول تاخد Cheese قول Tour خُدني صوره باخد Beatلما تعوز Feat خلي اقوم بيك هاه بطل م داخل مول اجيب كاب حصل بيجيب سيرتي كتير واخد ك مش مشغول بيه واخد ك اي ياااه,98
 بيني وبينك ,Beeny we beenek , بيني وبينك ,Marwan moussa, 2022,https://genius.com/Marwan-moussa-beeny-we-beenek-lyrics,https://images.genius.com/298ed55cc56c83a8bffec78f3706b797.1000x1000x1.png, قاعده لسه قاعده بينا مات مش عه دماغ نازله عندي مطر دماغك سم خطر بينا مش بتنام جوه دماغي ادمان مش هينفع نبقي اصحاب مش هينفع u205fنبقي u205fجيران u205fحلمت بيكي u205fما نتقابل حلمت u205fبيكي نتقابل بيني وبينك ه مش بنساها بيني وبينك حاجز عارف اوضه غامقه مش شايف لفت واقف بيني وبينك ه مش بنساها بيني وبينك حاجز عارف اوضه غامقه مش شايف لفت نهايه حلمت بيكي نتقابل حلمت بيكي نتقابل,71
 بيروت ,Beirut , بيروت ,Marwan moussa, 2017,https://genius.com/Marwan-moussa-beirut-lyrics,https://images.genius.com/0ab8a7dbeba2312fb7cd0f5620a122fa.1000x1000x1.png,كلمات مروان موسي بيروت  مروان باجري كلام وباجيبه مان قفاه نام زمان مفروض ليڤيل فنراب بلامب وبردان لا طفيت تكيف ايوه باحب ابقي نايم صهد ضغط صاحبي باشوفه نهايه شهر راب بدايه نهر انتيكا كهف اداءك شنطه بقف مناخيري سما حاطط مرايتي سقف قاعدين يتلككوا نقص سارق مج كو خطف مان لطخ واقف قدامكو واقف قدامكو ضخم بعتوا نفسكو خصم رخيص  مبهوق بابهوق ضبط مطبق حاسك مش مظبط سبت هنربط بطل ترفص هاشتاج خد صدمه اذكاكو يتبطط جيت قدام باب بيتي هنخبط ودموع تمساح بتتبخر قوام متنكر بتبان مقطع  عباسكيات باكلم ملك باقزقز فستق قلت له اتكلم يبقي تسكت فريد شوقي مصاحب هند رستم واخد برود كاني عايش موسكو سامعاني سدّي ودانك بلاش تسمعي زمن عمل ولادك قاعد ساكت بافكر كلمه اتق دايما ك اخد عايزه اتخانق تحقيق شخصيه عايز اثبات شباك عربيه واخد باصعّب دنيا عباس عقاد صفر يمينك نجمه وشم شباك باعمل مزيكتي بعيد ازعاج مش حايدخلوك اسمي باب فريق اعداد يبقي يشيل مونتاج عمري حسيت ذنب غشيت امتحان ساقط ناجح فهم انا صحيت نوم لقيت نفسي حلم انا يوسف شاهين مخرج فيلم انا سلسله افكار محطوطه حلقه ودن ماسك اعصابي ومش ناوي اسيب ماشي مفتّح حفر طريق شارع زحمه رحت داخل بطيء لحقتش معادي يبقي عادي مافيش نصيب دموع تمساح بتتبخر قوام متنكر بتبان مقطع  مروان مش جايلك هافضل قاعد افريقيا جايزه افضل لاعب دروجبا مجبر تقوم وتقف تشوفني حاجات مش بتفوتني عواطف مش بتسوقني مبدع فابروي بصوتي نبات نهارده اتنين باراب تلات مارو صفحه بيبظ تراكك كلامه طظ رابك فكرني لبه بنقسمها نص قدر ناداني لقب سعر وانخفض باولع اغاني حطب اوان مرتقب باتحاسب شهر حاسس فخر بديهم راجع ضهر راجع فين راجع معركه مصفح هاخد امتحانات ديه واصحح صحصح مش هتعرف لوحدك رِخِم وهاخد مساحتك مش موافق هشد سجاده تحتك ارتحت مازهقتش كحت مازهقتش نحت مازهقتش تحت باتغابي بيت بِتراقب وبعيد بِتراقب صمت نتقابل عيد وبكعبي باسنتر مارو غضنفر بيعدوا سطور بيت مش باخنسر ودموع تمساح بتتبخر اوام متنكر بتبان,315
 بيللا ,Bella , بيللا ,Marwan moussa, 2021,https://genius.com/Marwan-moussa-bella-lyrics,https://images.genius.com/b60cebb6d769409fd6edb47ea7427241.1000x1000x1.png, خير خير بنوّع عمري باتغير بصراحه دنيا بقت بايظه نَفَس بقي طويل تحت ميّه بقي طويل افيّر حب مش مج واي حاجه توبّ مش مقامنا فيستايم موب فاتح هوتسبوت جنه نبيت داب جوّه بحر روج جن بييجي لوحده مابنحضروش شباب مابيهزروش شباب مابيهزروش ملك كتابه ملك جوه غابه مش محتاجه هفرش اسد بدل سجاده مدريب بجاكو تقيل جايبه حبيبتي اوريانا حاسس ديب سوس حته تسبيكه داخل ساحه ماسك استيكه باصي باصي باصي ليجا بعامل مزيكا ماتش فيفا عايز اكتر لسه بفطر كارت اتشفر مش هوفر شورت ازرق تشيرت اصفر لسه بتافور,91
 بالمناسبة ,Belmo Nasba , بالمناسبة ,Marwan moussa, 2017,https://genius.com/Marwan-moussa-belmo-nasba-lyrics,https://images.genius.com/0ab8a7dbeba2312fb7cd0f5620a122fa.1000x1000x1.png,كلمات مروان موسي ب مناسبه هبطان عتمه غضبان فاتنا خلصان مرتب وقعده شطار بقت كتمه شيطان فاقسك مودي قرفان مُش هاجادلك قمت هربان مناقشه مُش فرحان مناسبه مافيش سما ومس وشباب بيتغير تخيل حياتك سمعت كلام صغير ثبتني اكتءاب خلاص مش هابلغ فضي جيبك ظابط يصدق هتطلب ايدها قبطان وليك مبدا بتسرقش قرصان موش هيناسبك قمصان هتناسبك جربان لابس بدله خسران مسابقه مش فرحان منسبه مفيش سما ومس وشباب بيتغير تخيل حياتك سمعت كلام صغير مقطع شفت حقيقه بمنظار ومش لابسه نهار عرفت حراره ومش نازله شافوني منهار وكسه ولي نعمل زار لابسك غضبت بخيت نار قامت ساكته غلطان هاهدا رقصت امطار وكسه ومش فرحان مناسبه مفيش سما ومس وشباب بيتغير تخيل حياتك سمعت كلام صغير مقطع رابع مش ناقصني وابتسم سين ميم مش هاسيب نفسي بيقولك شم  يمين هايغريك نفسنا فرحه هيجيب بتيجي تحب تطول تهد ولما بتمشي نجيب مشكلتي فات مشكلتي جاي مشكلتي مشكلتي جاي مشكلتي مشكلتي مشكلتي ومشكلتي سبت مشكلتي مشكلتي مشكلتي وقت,156
 بيلوجا ,Beluga , بيلوجا ,Marwan moussa, 2021,https://genius.com/Marwan-moussa-beluga-lyrics,https://images.genius.com/bea5c09a97b100830a0b380c24a200c1.1000x1000x1.png, مقدمه عفروتو Beatوووه حاسس Rockstar وووه مايك ايدي ماسكه مايل وووه حاسس مخي وووه اصلاً مش شارب وووه حاسس مخي زار بره ثابت ثابت وووه حاسس بلعب جيتار عمري عازف  مروان موسي ايه سوقت مدينه شارع شوفت وشوش حزينه قمت راجع قافل تكيف ومودي ساقع جبت شقه جديده وقمت دافع دافع مش عايز اودي ناس ناقصه عايز اودي ناس فاصله اصفار وتحط فاصله اسطي تقوليش بفه اسطي تقوليش اسطي اسطي تقوليش اصلاً ايه مقطع ثاني كريم انزو دماغي عطلانه مشاعري هربان ميه اصابه لسه قامه دماغي ايدي طاره توتي جيبي عصابه اجيب قناصه نيجي نرش طلق زميلي طلعت حرب حرب واقف ارض ارض مين لساني بيطلق شرز هو كريم انزو بحبه ايه ووه,113
 بيج مافيا ,BIG MAFIA , بيج مافيا ,Marwan moussa, 2021,https://genius.com/Marwan-moussa-big-mafia-lyrics,https://images.genius.com/1796e8fded7d9a8d6a41c9e72ab71860.1000x1000x1.png, مافيا بيج مود بيج مافيا بيج مود بيج مافيا واو بيج بيج بيج بيج اوه ثانيه واحده ثانيه واحده اوه ثانيه واحده اديني ثانيه واحده اوه اوه اديني ثانيه اديني ثانيه موضوع فتح مشروع شركه ورق لوجو مطبوع مافيا هاتف ممنوع سوري اصل خط مرفوع مخبوط ملسوع سكورت سطفايه بدايه اسبوع تيجوا سكتي هديكوا كوع صاحبك ارض بدماغه مزروع كريستيان ديور بص سكور بعاني عظمه ورحت لدكتور هدي للكل اوردر دور بيج مارو مافيا يظبطلك دوز بيس لوز نفسك بيف تاخده صوص باكل ظلط واتمشي شوك بتتزحلق قشره موز,89
 بيج مود ,Big Mood , بيج مود ,Marwan moussa, 2022,https://genius.com/Marwan-moussa-big-mood-lyrics,https://images.genius.com/296287449829c075f29f30eb495f9abc.1000x1000x1.png, Big boss Kickbox Big mood Big bucks Big cash Zigzag انتاج Click clack Boom boom Too soo Lose lose مظلوم منحوس منحوت ملبوس مكوك دولي دوري عايزاه شاوري اصلي حصري Beatواحده Quick scope PUBG Beatمارو ممكن  Feat خاطري مارو ماني مصري فات سنين وماشي دغري ثبات شوفت شيك وقومت عامل رقص Beatفي  CV رسمي تمام Beatعايز Feat بلاش اصلاً اقول بكام رقم مش بيجمع BeatSpotify بيولع عامله بريءه عايزه تتدلع رايح مش هرجع رايح مش هرجع تحويل حسابي ليله هيسمع Ya Ya Ya سما قاعد بلمع Ya Ya Ya فرقه متكامله Ya Ya Ya بقي تلجه Ya Ya Ya,99
 بلوبيف ,Bolobeef , بلوبيف ,Marwan moussa, 2019,https://genius.com/Afroto-bolobeef-lyrics,https://images.genius.com/7ea109417e65fadedf1e5868bb960275.1000x1000x1.png,Cest la Vie تراك زحفتك يشهد سيراميك حطيت تحت سريرك ديناميت خد تفه مش خساره معاويج فانزي معاويج فامتزعلش اخلف مواعيد امشي ملاعين رمضان اقابلك تراويح AfrotoMusic Follow Me Deep نبره صوتوا Real مافيش غيرو Solo Beat هعيطك لحظه اكتب سيرش بتقلدني لمبي بولوبيف بولوبيف يامرو بتبصلي شايف لحظه بص شكلها بتحبني انسي انسي انسي مش هقولك بيبي فاكس فشله بمشيكي بكيفي متقوليش كين عندك حق عندي مغرورين مستحيل اقابلك طريق سابقك سايب هيسنطروك عطروا فيك,76
 برازيل ,Brazil , برازيل ,Marwan moussa, 2022,https://genius.com/Afroto-brazil-lyrics,https://images.genius.com/ec15bc0f9d6b5f48e52b2a5fb690aa6b.1000x1000x1.png, وطي صوتك انسان محترم اوي  عفروتو فكسوا مقصر جداً ف بقي كحول ومقسط جامد ده كسول ومقطع سو Beatوانا ك كازوكو مصدع Ayy قي نظره حلاوه عندي كاسترد كاسترد قول اسمي وشد فاصله فاصله تنافسني قصداً انتَ فستك اصلاً اصلاً وشي باسبور احمر باينه محروم بده بطه قشطه امجنون قشطه اعفرت سلام فلوس وشنطه BeatBaby سايق Ay توترنيش فاير Beatكلميني Call فاكس رسايل Ay Beatدايماً فاصل غايب لزوم ببقي فايق Ay Beatافضل اشرب ازايز تنسي بيها فايز Ay Beatبس واقع بقي بايخ بيفكره مني دمه فاير Ay رجلي صندل وصلت بدري نيتي Ay Ay Woah خواتمي فضه بتساعدني اناوله قبضه Ay Ay Woah شاب فقره باين بيحك اكني صفقه Ay Ay Woah اسكندراني برازيلي واسمر برقصها سامبا Ay Ay Woah برقصها سامبا برازيلي واسمر برقصها سامبا Ay Woah برقصها سامبا برازيلي واسمر برقصها سامبا Ay Woah برقصها سامبا برازيلي واسمر برقصها سامبا Ay Woah برقصها سامبا برازيلي واسمر برقصها سامبا,150
 صاحبي ,Ca7by , صاحبي ,Marwan moussa, 2022,https://genius.com/Marwan-moussa-ca7by-lyrics,https://images.genius.com/296287449829c075f29f30eb495f9abc.1000x1000x1.png, u200eطلعنا حته غامقه u200eاحساس كسبنا جنه u200eمارو سته سته فلته u200eوانت نسب لسه لفه لازمه u200e ناس مرعوبه u200eمش لاقيينلي دخله يدخلوها u200e كلمه محسوبه Over u200eمش هتلاقي مني رد فعل u200eو صفقه محسومه u200eو بواكي كتيبه مقسومه u200eلغتنا مفهومه u200eموديين طفوله u200eصاحبي صاحبي u200eفيش غيري ومصلحتي u200eفيش جيبي ومحفظتي u200eبفتح قفل مصدي u200eيا صاحبي صاحبي u200eعلي وشوشكو هنطفي u200eانت متربي u200eكنتش هتتنطط لي,64
 سي دي جي ,CDG , سي دي جي ,Marwan moussa, 2021,https://genius.com/Marwan-moussa-cdg-lyrics,https://images.genius.com/eb937f3551d49ea997b9651c426b5c11.1000x1000x1.png,  مروان موسي بحث باكو تعبان لازق سلم مون يزا حلوه مش بترسم سايق عاصمه ڤ هيركن نتجاب حفله دولي نطلّع للرج شينغن بُص معني برُش قاعده واد بدله زرقه برنيطه مش تبعنا فيش حاجه بتجمعنا سلسلتي لعنه هيودينا بيلوجا هترجعنا Hash لازمه مروان موسي ايه خطه قله ذوق بنتسابق ضوء شوك Vale ti جزمه Charles de Gaulle هنسافر مقطع ثاني راندر تضيعي وقتك معايا عندي اهداف وعندي طموح فكرك يروح لبعيد اكون حبيب روح رحله بحث بواكي ينفع احبك واهواكي بواكي تستناني تستني استناكي ليش اطلع سلم نجاح وعارف طريق مصعد بيت بارد شي دافي تبرد شفت حياتي مشعتره قررت اشتري مبرد مسوي جامد نحنا اجمد,106
 تشامبيونز ليج ,Champions League , تشامبيونز ليج ,Marwan moussa, 2022,https://genius.com/Marwan-moussa-champions-league-lyrics,https://images.genius.com/296287449829c075f29f30eb495f9abc.1000x1000x1.png, ايه ايه فوق واخد برو تاب دابت لسان برو انتَ سمعتش كلام برو خدتَ برو Beatعايز Boss  Ma برو اطف مج برو Beatسمعت تراك قولت Dam برو Beatسمعت تراك بعده قولت Dam برو Beatجيت  Shoot واخد Xa برو Beatمش ب Loot عندي Ammo Beatتيجي تروح  Capo Beatفي مكوك  Lambo تشوف سوق تاخد بصه مش هتشوف اصلاً تيجي تدوق عندي شطه Beatشوف  Beat شوف صوص شوف رصه Beatشوف  Team شوف  Zo e شوف لقطه Beatشايف Check شايف فلوس ورق اخضر انتوا كيوت مءاخذه باخد شفطه Grey Goose Beatوانا بير عامل صفقه Shoes  Air Force دول حوت طفره لسان لسه مَبرّد كلام بقي اظبط,102
 ​سينمائي ,Cinema2y , ​سينمائي ,Marwan moussa, 2017,https://genius.com/Marwan-moussa-cinema2y-lyrics,https://images.genius.com/0ab8a7dbeba2312fb7cd0f5620a122fa.1000x1000x1.png, اسمع وشوف بشوف جيران روف اجيش اسابقني هيجيلك غضروف مش محتاج دليل مش قليل ادب بجيب ماتيجي نكوّن علاقه قلت لها م يش هندسه هنحوّر ايه واد بينوّر ليل بدوّر جيبه اتصوّر لقيت مجوهرتين س ني دا ايه قمت محوّر مان ماشي شارع بسابق مش واخد وفاتي ايلوميناتي سايب تار لبناتي اسمع وشوف فات هيشيلوه وشوش نفسها مجله واقف بتسلّي واقف بتسلّي بتسلّي مش فارق معايا بتسلّي بتسلّي رحتي بتسلّي بتسلّي مش فارق معايا بتسلّي نازل زميلي اصلي بيتات باربي اكلته مطبي معدته هتقضّي مركّب ارايل وكذا قرن قيمتك نزلت ارض مسكوا اسمي ايديهم نزلوا ضرب حُط لسانك بقك قفلت قمت شايل قدامك اكره وراك اهانه بكره ارهاب يسرا كباب صدفه جاي معاده فُطره قصدي فِطره حاضر هنقرا عندي حماس ناقص خبره مش محتاج اجري بيت بعمل تمارين مش محتاج رخصه اغلّي تمني مش محتاج تفوق خش اتخمد مرتبه قلمي همجي علني باشا مش عايزك تتنرفز مش عارف تتنفس وبتغرق مركب وقاعد بتهرتل داخل پاركن هليكوبتر وهركن عايز سايس عايز ابقي فايز حطيتكوا ازايز افعصها عايز سلمك بمتّش واقع بصله جاي تقول دنيا بدراعك دراعك مكفي اسوره غبي مش بحفظ تواريخ بفنن وبخرج كوابيس سينماءي بيت بقلب فداءي مكتب بناديك اسلك بيك سناني مش سنه دي مش هخلي سايق طياره داءري وبعمل امريكاني مش هنزل تيندر مازينجر بتجرب تتشطف هتنضف وعرفت اهاك شخصيتك باسوورد حسين فهمي لورد فشخ لسه شويه قمت جايب للبت ميّه لسه بلف ولي سبيت فبتف فاير قطه براس بطه اسطي اسكينشايزر اهلاً قه جريندايزر مش هتعدوا سور مدرستي حاولتوا منشّن راسك فلافيو جيلبرتو بكره زحمه عمي فبفتح ويندو ماتريكس زّمر جنبي قمت حاطط صباعي ودنه S apback واقف جبل ولابس S apchat شوّهت ميزان فاضل تِلت ارنب ناقص ورك هربان سيرك وببيع بونبوني بره چيم اتكتموا هداف فشخ جدو رحت انجولا رجعت لقيت احفادي بيتسحلوا يش ابني ناس بص وزير رسمي للراب بليغ حمدي للتراب لسه مافيش مقياس وزن جسمك قمت شايله صناره جيبي اتملي جزمه شايل اسرارك تراكاتك بتسمّع لحيطه حضانه تراكاتي بتسمع لبدايه حضاره وانتو فين,322
 دبدوب حساس ,Dabdob 7asas , دبدوب حساس ,Marwan moussa, 2021,https://genius.com/Marwan-moussa-dabdob-7asas-lyrics,https://images.genius.com/5a3246ca4736aa21497a4376fdc3fe62.1000x1000x1.png, اوري ناس حقيقتك واخد فانز صفقه بفه Lead بلدين اخرك ت Leader بحكي قله اصلك فجيبت سيره صاحبك مش هاجي ميمو واتف احرقه طبعاً مش مقامي بديس احترمت اخويا جيبت سيره امي وصاحبتي زيك توتا فسيبك باتي حسابي معاه جيبت سيره امي تاني مش هرد بتراك خلفت خلفه ورميته تاخد تتبناها عجزت محتاج لمبه تنورلك حياتك حاجه بتكتبها مفقوسه وبرده سيبك ديسات وخليك اسطي اكتءابك راب بفلوس ابويا برو قوم روح نام شوف بيلبورداتي داءري بطوح سحاب دبي حساب شركه وبصور اعلان ابقي تابعه ينزل سايب مفاجات كمل كذب يلا بتبيع غلابه بتسمع بحيي كاريرك واخليك لقلب دلابك ترجع اعلانات مكسيك وحيد بيطلع مخليهم جنبك نجمك عليهم يسطع ارض مارو ميكساچ جنبي دلوقتي كنتش هتتشاف بسمعه نبره صوتك ارتجاج واهتزاز صدقني سهل ادشك دبدوب ازاز شغله تجيلي اسطي بدورها بكيفي مقضيها فلقسه للكلاينت صباحي وليلي شغلك فينا مستجد شوفتك حصان قلت احا اتركبت نقطه بتبيع مبادءك لاجل فلوس لاجل شهره لاجل نفوذ خرا تدوس عمري اخد كاش باروكه اهبل ارميلك ارنب وتقلعلي ملط اسهل عمري كرهت بابلو بواكيز ستوري عندي ناس حطونا مقارنه اصلاً بره عني ابتديت تخاف بطلع تحت جناحك صعب اعيش عيشه ميمو صعب اكون سناده صندل يلا ومش عايز اهينك كلب تحت رجلي اصلاً كبير كبيرك بتحك عيله اصلاً مكسيك دليل باراتك نزلت ضبع فيت وعامه بحب ابيو كلنا عيش وملح سوا  مش مشكلتي حاولت اقيله دوا وجوزه مش بنافقه بديله وشه انما ابيو مضحكني ابيو مسوق حبيبته ديوثف وعفرت جامد زمان بشهادتك مش بشهادتي قلت عكس فانت بتكدب ساعتها دلوقتي او بتطبل بتافور عندك ماجيستير تع قله سلكان كدب يس تلميذ بليد اتعلمتش فشل كنتش عايزلك حاجه نجاح للاسف عايز اديك شويه شغف مشيت لقيت خرم سيبته اتفتح اتمنيتلكش اعتز يابني بروهك جيتش تس دورك يبقي بتصنع مشاكل بتدور عامل قاعده وسط شارع فاتحه رجليها بطل كذب بينوكيو جمهور مجمع راب بقي موجود مصر مسمع دلوقتي دماغك بتتقور باميه بتتقمع ساعه ضيعت بوصله كاريري مولع,309
 داري ,Darri , داري ,Marwan moussa, 2022,https://genius.com/Karim-enzo-darri-lyrics,https://images.genius.com/5d466f1d4ba2523e9b21de69d01ef53c.1000x1000x1.png, ماشي ايدي سلاحي تيجي قدامي ضرب حوارات بتجيلي راضي بنصيبي وربي داري وربي داري وربي داري وربي داري راضي بنصيبي شوف اعداء شد اجزاء دايماً قاري نوايا ناس مسابق احداث روحي مجواز دموعي ماس سلاحي كباس ماعنديش احساس طلق ضرب نار انذار كتر افكار جايه بانفجار جريوا وسابوني اعصار دلوقتي بطولي هاخد تار عايز حته اولي حياتي مبارزه جوله مناقشه مزاوله اخش وانهي بدون محاوله,65
